job_id,model,condition,job_status,fps,max_frames,total_tokens,max_new_tokens,prompt,trial,query_id,variant,repeat,status,parse_status,span_count,invalid_span_count,wall_s,preprocess_s,generate_s,decode_parse_s,peak_allocated_gib,peak_reserved_gib,input_tokens,output_tokens,hit_output_limit,error
timelens2-4b__native,timelens2-4b,native,failed,1,256,16384,1024,native,1,shot,0,0,error,,,,0.058009531814605,,,,8.272686004638672,9.0078125,,,,KeyError: 'video_fps'
timelens2-4b__native,timelens2-4b,native,failed,1,256,16384,1024,native,2,shot,1,0,error,,,,0.0009619561024010181,,,,8.272686004638672,9.0078125,,,,KeyError: 'video_fps'
timelens2-4b__native,timelens2-4b,native,failed,1,256,16384,1024,native,3,dark_shot,0,0,error,,,,0.0007559722289443016,,,,8.272686004638672,9.0078125,,,,KeyError: 'video_fps'
timelens2-4b__native,timelens2-4b,native,failed,1,256,16384,1024,native,4,dark_shot,1,0,error,,,,0.0008263909257948399,,,,8.272686004638672,9.0078125,,,,KeyError: 'video_fps'
timelens2-4b__native,timelens2-4b,native,failed,1,256,16384,1024,native,5,free_throw,0,0,error,,,,0.0007611038163304329,,,,8.272686004638672,9.0078125,,,,KeyError: 'video_fps'
timelens2-4b__native,timelens2-4b,native,failed,1,256,16384,1024,native,6,free_throw,1,0,error,,,,0.0007406049408018589,,,,8.272686004638672,9.0078125,,,,KeyError: 'video_fps'
timelens2-4b__native,timelens2-4b,native,failed,1,256,16384,1024,native,7,bench,0,0,error,,,,0.0007508359849452972,,,,8.272686004638672,9.0078125,,,,KeyError: 'video_fps'
timelens2-4b__native,timelens2-4b,native,failed,1,256,16384,1024,native,8,bench,1,0,error,,,,0.0008251871913671494,,,,8.272686004638672,9.0078125,,,,KeyError: 'video_fps'
timelens2-4b__native,timelens2-4b,native,failed,1,256,16384,1024,native,9,closeup,0,0,error,,,,0.0007371837273240089,,,,8.272686004638672,9.0078125,,,,KeyError: 'video_fps'
timelens2-4b__native,timelens2-4b,native,failed,1,256,16384,1024,native,10,closeup,1,0,error,,,,0.0007439181208610535,,,,8.272686004638672,9.0078125,,,,KeyError: 'video_fps'
timelens2-4b__native,timelens2-4b,native,failed,1,256,16384,1024,native,11,dunk,0,0,error,,,,0.0007409127429127693,,,,8.272686004638672,9.0078125,,,,KeyError: 'video_fps'
timelens2-4b__native,timelens2-4b,native,failed,1,256,16384,1024,native,12,dunk,1,0,error,,,,0.0007173358462750912,,,,8.272686004638672,9.0078125,,,,KeyError: 'video_fps'
timelens2-4b__native,timelens2-4b,native,failed,1,256,16384,1024,native,13,football,0,0,error,,,,0.0007433667778968811,,,,8.272686004638672,9.0078125,,,,KeyError: 'video_fps'
timelens2-4b__native,timelens2-4b,native,failed,1,256,16384,1024,native,14,football,1,0,error,,,,0.0007311059162020683,,,,8.272686004638672,9.0078125,,,,KeyError: 'video_fps'
timelens2-4b__native,timelens2-4b,native,failed,1,256,16384,1024,native,15,swimming,0,0,error,,,,0.0008172411471605301,,,,8.272686004638672,9.0078125,,,,KeyError: 'video_fps'
timelens2-4b__native,timelens2-4b,native,failed,1,256,16384,1024,native,16,swimming,1,0,error,,,,0.0007365820929408073,,,,8.272686004638672,9.0078125,,,,KeyError: 'video_fps'
timelens2-4b__native,timelens2-4b,native,failed,1,256,16384,1024,native,17,shot,0,1,error,,,,0.000730790663510561,,,,8.272686004638672,9.0078125,,,,KeyError: 'video_fps'
timelens2-4b__native,timelens2-4b,native,failed,1,256,16384,1024,native,18,shot,1,1,error,,,,0.0007339399307966232,,,,8.272686004638672,9.0078125,,,,KeyError: 'video_fps'
timelens2-4b__native,timelens2-4b,native,failed,1,256,16384,1024,native,19,dark_shot,0,1,error,,,,0.0007378733716905117,,,,8.272686004638672,9.0078125,,,,KeyError: 'video_fps'
timelens2-4b__native,timelens2-4b,native,failed,1,256,16384,1024,native,20,dark_shot,1,1,error,,,,0.0007234080694615841,,,,8.272686004638672,9.0078125,,,,KeyError: 'video_fps'
timelens2-4b__native,timelens2-4b,native,failed,1,256,16384,1024,native,21,free_throw,0,1,error,,,,0.0007324628531932831,,,,8.272686004638672,9.0078125,,,,KeyError: 'video_fps'
timelens2-4b__native,timelens2-4b,native,failed,1,256,16384,1024,native,22,free_throw,1,1,error,,,,0.0007236143574118614,,,,8.272686004638672,9.0078125,,,,KeyError: 'video_fps'
timelens2-4b__native,timelens2-4b,native,failed,1,256,16384,1024,native,23,bench,0,1,error,,,,0.0007131979800760746,,,,8.272686004638672,9.0078125,,,,KeyError: 'video_fps'
timelens2-4b__native,timelens2-4b,native,failed,1,256,16384,1024,native,24,bench,1,1,error,,,,0.000734974630177021,,,,8.272686004638672,9.0078125,,,,KeyError: 'video_fps'
timelens2-4b__native,timelens2-4b,native,failed,1,256,16384,1024,native,25,closeup,0,1,error,,,,0.0008412539027631283,,,,8.272686004638672,9.0078125,,,,KeyError: 'video_fps'
timelens2-4b__native,timelens2-4b,native,failed,1,256,16384,1024,native,26,closeup,1,1,error,,,,0.0007772399112582207,,,,8.272686004638672,9.0078125,,,,KeyError: 'video_fps'
timelens2-4b__native,timelens2-4b,native,failed,1,256,16384,1024,native,27,dunk,0,1,error,,,,0.0007522031664848328,,,,8.272686004638672,9.0078125,,,,KeyError: 'video_fps'
timelens2-4b__native,timelens2-4b,native,failed,1,256,16384,1024,native,28,dunk,1,1,error,,,,0.0007247813045978546,,,,8.272686004638672,9.0078125,,,,KeyError: 'video_fps'
timelens2-4b__native,timelens2-4b,native,failed,1,256,16384,1024,native,29,football,0,1,error,,,,0.0007288381457328796,,,,8.272686004638672,9.0078125,,,,KeyError: 'video_fps'
timelens2-4b__native,timelens2-4b,native,failed,1,256,16384,1024,native,30,football,1,1,error,,,,0.0007379651069641113,,,,8.272686004638672,9.0078125,,,,KeyError: 'video_fps'
timelens2-4b__native,timelens2-4b,native,failed,1,256,16384,1024,native,31,swimming,0,1,error,,,,0.0007185894064605236,,,,8.272686004638672,9.0078125,,,,KeyError: 'video_fps'
timelens2-4b__native,timelens2-4b,native,failed,1,256,16384,1024,native,32,swimming,1,1,error,,,,0.0007186089642345905,,,,8.272686004638672,9.0078125,,,,KeyError: 'video_fps'
timelens2-4b__native,timelens2-4b,native,failed,1,256,16384,1024,native,33,shot,0,2,error,,,,0.0007254616357386112,,,,8.272686004638672,9.0078125,,,,KeyError: 'video_fps'
timelens2-4b__native,timelens2-4b,native,failed,1,256,16384,1024,native,34,shot,1,2,error,,,,0.0007165609858930111,,,,8.272686004638672,9.0078125,,,,KeyError: 'video_fps'
timelens2-4b__native,timelens2-4b,native,failed,1,256,16384,1024,native,35,dark_shot,0,2,error,,,,0.0007828045636415482,,,,8.272686004638672,9.0078125,,,,KeyError: 'video_fps'
timelens2-4b__native,timelens2-4b,native,failed,1,256,16384,1024,native,36,dark_shot,1,2,error,,,,0.0007490711286664009,,,,8.272686004638672,9.0078125,,,,KeyError: 'video_fps'
timelens2-4b__native,timelens2-4b,native,failed,1,256,16384,1024,native,37,free_throw,0,2,error,,,,0.0007226858288049698,,,,8.272686004638672,9.0078125,,,,KeyError: 'video_fps'
timelens2-4b__native,timelens2-4b,native,failed,1,256,16384,1024,native,38,free_throw,1,2,error,,,,0.0007155002094805241,,,,8.272686004638672,9.0078125,,,,KeyError: 'video_fps'
timelens2-4b__native,timelens2-4b,native,failed,1,256,16384,1024,native,39,bench,0,2,error,,,,0.0007593207992613316,,,,8.272686004638672,9.0078125,,,,KeyError: 'video_fps'
timelens2-4b__native,timelens2-4b,native,failed,1,256,16384,1024,native,40,bench,1,2,error,,,,0.0007216599769890308,,,,8.272686004638672,9.0078125,,,,KeyError: 'video_fps'
timelens2-4b__native,timelens2-4b,native,failed,1,256,16384,1024,native,41,closeup,0,2,error,,,,0.0007084072567522526,,,,8.272686004638672,9.0078125,,,,KeyError: 'video_fps'
timelens2-4b__native,timelens2-4b,native,failed,1,256,16384,1024,native,42,closeup,1,2,error,,,,0.0007479740306735039,,,,8.272686004638672,9.0078125,,,,KeyError: 'video_fps'
timelens2-4b__native,timelens2-4b,native,failed,1,256,16384,1024,native,43,dunk,0,2,error,,,,0.0007091178558766842,,,,8.272686004638672,9.0078125,,,,KeyError: 'video_fps'
timelens2-4b__native,timelens2-4b,native,failed,1,256,16384,1024,native,44,dunk,1,2,error,,,,0.0007043667137622833,,,,8.272686004638672,9.0078125,,,,KeyError: 'video_fps'
timelens2-4b__native,timelens2-4b,native,failed,1,256,16384,1024,native,45,football,0,2,error,,,,0.0007329722866415977,,,,8.272686004638672,9.0078125,,,,KeyError: 'video_fps'
timelens2-4b__native,timelens2-4b,native,failed,1,256,16384,1024,native,46,football,1,2,error,,,,0.0008045248687267303,,,,8.272686004638672,9.0078125,,,,KeyError: 'video_fps'
timelens2-4b__native,timelens2-4b,native,failed,1,256,16384,1024,native,47,swimming,0,2,error,,,,0.0007528173737227917,,,,8.272686004638672,9.0078125,,,,KeyError: 'video_fps'
timelens2-4b__native,timelens2-4b,native,failed,1,256,16384,1024,native,48,swimming,1,2,error,,,,0.0007473882287740707,,,,8.272686004638672,9.0078125,,,,KeyError: 'video_fps'
timelens2-8b__native,timelens2-8b,native,failed,1,256,16384,1024,native,1,shot,0,0,error,,,,1.6512511339969933,,,,16.330106735229492,16.357421875,,,,KeyError: 'video_fps'
timelens2-8b__native,timelens2-8b,native,failed,1,256,16384,1024,native,2,shot,1,0,error,,,,0.0020827949047088623,,,,16.330106735229492,16.357421875,,,,KeyError: 'video_fps'
timelens2-8b__native,timelens2-8b,native,failed,1,256,16384,1024,native,3,dark_shot,0,0,error,,,,0.0017948262393474579,,,,16.330106735229492,16.357421875,,,,KeyError: 'video_fps'
timelens2-8b__native,timelens2-8b,native,failed,1,256,16384,1024,native,4,dark_shot,1,0,error,,,,0.001970879267901182,,,,16.330106735229492,16.357421875,,,,KeyError: 'video_fps'
timelens2-8b__native,timelens2-8b,native,failed,1,256,16384,1024,native,5,free_throw,0,0,error,,,,0.0017739757895469666,,,,16.330106735229492,16.357421875,,,,KeyError: 'video_fps'
timelens2-8b__native,timelens2-8b,native,failed,1,256,16384,1024,native,6,free_throw,1,0,error,,,,0.0017869467847049236,,,,16.330106735229492,16.357421875,,,,KeyError: 'video_fps'
timelens2-8b__native,timelens2-8b,native,failed,1,256,16384,1024,native,7,bench,0,0,error,,,,0.0019527832046151161,,,,16.330106735229492,16.357421875,,,,KeyError: 'video_fps'
timelens2-8b__native,timelens2-8b,native,failed,1,256,16384,1024,native,8,bench,1,0,error,,,,0.0020465031266212463,,,,16.330106735229492,16.357421875,,,,KeyError: 'video_fps'
timelens2-8b__native,timelens2-8b,native,failed,1,256,16384,1024,native,9,closeup,0,0,error,,,,0.001894356682896614,,,,16.330106735229492,16.357421875,,,,KeyError: 'video_fps'
timelens2-8b__native,timelens2-8b,native,failed,1,256,16384,1024,native,10,closeup,1,0,error,,,,0.001880061812698841,,,,16.330106735229492,16.357421875,,,,KeyError: 'video_fps'
timelens2-8b__native,timelens2-8b,native,failed,1,256,16384,1024,native,11,dunk,0,0,error,,,,0.0018258960917592049,,,,16.330106735229492,16.357421875,,,,KeyError: 'video_fps'
timelens2-8b__native,timelens2-8b,native,failed,1,256,16384,1024,native,12,dunk,1,0,error,,,,0.0018959217704832554,,,,16.330106735229492,16.357421875,,,,KeyError: 'video_fps'
timelens2-8b__native,timelens2-8b,native,failed,1,256,16384,1024,native,13,football,0,0,error,,,,0.0018328330479562283,,,,16.330106735229492,16.357421875,,,,KeyError: 'video_fps'
timelens2-8b__native,timelens2-8b,native,failed,1,256,16384,1024,native,14,football,1,0,error,,,,0.0017848960123956203,,,,16.330106735229492,16.357421875,,,,KeyError: 'video_fps'
timelens2-8b__native,timelens2-8b,native,failed,1,256,16384,1024,native,15,swimming,0,0,error,,,,0.0018353313207626343,,,,16.330106735229492,16.357421875,,,,KeyError: 'video_fps'
timelens2-8b__native,timelens2-8b,native,failed,1,256,16384,1024,native,16,swimming,1,0,error,,,,0.0015181503258645535,,,,16.330106735229492,16.357421875,,,,KeyError: 'video_fps'
timelens2-8b__native,timelens2-8b,native,failed,1,256,16384,1024,native,17,shot,0,1,error,,,,0.001515761949121952,,,,16.330106735229492,16.357421875,,,,KeyError: 'video_fps'
timelens2-8b__native,timelens2-8b,native,failed,1,256,16384,1024,native,18,shot,1,1,error,,,,0.0013971300795674324,,,,16.330106735229492,16.357421875,,,,KeyError: 'video_fps'
timelens2-8b__native,timelens2-8b,native,failed,1,256,16384,1024,native,19,dark_shot,0,1,error,,,,0.0012761401012539864,,,,16.330106735229492,16.357421875,,,,KeyError: 'video_fps'
timelens2-8b__native,timelens2-8b,native,failed,1,256,16384,1024,native,20,dark_shot,1,1,error,,,,0.001275310292840004,,,,16.330106735229492,16.357421875,,,,KeyError: 'video_fps'
timelens2-8b__native,timelens2-8b,native,failed,1,256,16384,1024,native,21,free_throw,0,1,error,,,,0.0012600789777934551,,,,16.330106735229492,16.357421875,,,,KeyError: 'video_fps'
timelens2-8b__native,timelens2-8b,native,failed,1,256,16384,1024,native,22,free_throw,1,1,error,,,,0.001284490805119276,,,,16.330106735229492,16.357421875,,,,KeyError: 'video_fps'
timelens2-8b__native,timelens2-8b,native,failed,1,256,16384,1024,native,23,bench,0,1,error,,,,0.001170869916677475,,,,16.330106735229492,16.357421875,,,,KeyError: 'video_fps'
timelens2-8b__native,timelens2-8b,native,failed,1,256,16384,1024,native,24,bench,1,1,error,,,,0.0010765851475298405,,,,16.330106735229492,16.357421875,,,,KeyError: 'video_fps'
timelens2-8b__native,timelens2-8b,native,failed,1,256,16384,1024,native,25,closeup,0,1,error,,,,0.0010374370031058788,,,,16.330106735229492,16.357421875,,,,KeyError: 'video_fps'
timelens2-8b__native,timelens2-8b,native,failed,1,256,16384,1024,native,26,closeup,1,1,error,,,,0.0010221367701888084,,,,16.330106735229492,16.357421875,,,,KeyError: 'video_fps'
timelens2-8b__native,timelens2-8b,native,failed,1,256,16384,1024,native,27,dunk,0,1,error,,,,0.000937820877879858,,,,16.330106735229492,16.357421875,,,,KeyError: 'video_fps'
timelens2-8b__native,timelens2-8b,native,failed,1,256,16384,1024,native,28,dunk,1,1,error,,,,0.0009504030458629131,,,,16.330106735229492,16.357421875,,,,KeyError: 'video_fps'
timelens2-8b__native,timelens2-8b,native,failed,1,256,16384,1024,native,29,football,0,1,error,,,,0.0009128539822995663,,,,16.330106735229492,16.357421875,,,,KeyError: 'video_fps'
timelens2-8b__native,timelens2-8b,native,failed,1,256,16384,1024,native,30,football,1,1,error,,,,0.0008943169377744198,,,,16.330106735229492,16.357421875,,,,KeyError: 'video_fps'
timelens2-8b__native,timelens2-8b,native,failed,1,256,16384,1024,native,31,swimming,0,1,error,,,,0.0009329617023468018,,,,16.330106735229492,16.357421875,,,,KeyError: 'video_fps'
timelens2-8b__native,timelens2-8b,native,failed,1,256,16384,1024,native,32,swimming,1,1,error,,,,0.0008682450279593468,,,,16.330106735229492,16.357421875,,,,KeyError: 'video_fps'
timelens2-8b__native,timelens2-8b,native,failed,1,256,16384,1024,native,33,shot,0,2,error,,,,0.0008805561810731888,,,,16.330106735229492,16.357421875,,,,KeyError: 'video_fps'
timelens2-8b__native,timelens2-8b,native,failed,1,256,16384,1024,native,34,shot,1,2,error,,,,0.0009324159473180771,,,,16.330106735229492,16.357421875,,,,KeyError: 'video_fps'
timelens2-8b__native,timelens2-8b,native,failed,1,256,16384,1024,native,35,dark_shot,0,2,error,,,,0.000834035687148571,,,,16.330106735229492,16.357421875,,,,KeyError: 'video_fps'
timelens2-8b__native,timelens2-8b,native,failed,1,256,16384,1024,native,36,dark_shot,1,2,error,,,,0.0008313870057463646,,,,16.330106735229492,16.357421875,,,,KeyError: 'video_fps'
timelens2-8b__native,timelens2-8b,native,failed,1,256,16384,1024,native,37,free_throw,0,2,error,,,,0.0007832469418644905,,,,16.330106735229492,16.357421875,,,,KeyError: 'video_fps'
timelens2-8b__native,timelens2-8b,native,failed,1,256,16384,1024,native,38,free_throw,1,2,error,,,,0.0007867948152124882,,,,16.330106735229492,16.357421875,,,,KeyError: 'video_fps'
timelens2-8b__native,timelens2-8b,native,failed,1,256,16384,1024,native,39,bench,0,2,error,,,,0.0007912982255220413,,,,16.330106735229492,16.357421875,,,,KeyError: 'video_fps'
timelens2-8b__native,timelens2-8b,native,failed,1,256,16384,1024,native,40,bench,1,2,error,,,,0.0007759090512990952,,,,16.330106735229492,16.357421875,,,,KeyError: 'video_fps'
timelens2-8b__native,timelens2-8b,native,failed,1,256,16384,1024,native,41,closeup,0,2,error,,,,0.000791728962212801,,,,16.330106735229492,16.357421875,,,,KeyError: 'video_fps'
timelens2-8b__native,timelens2-8b,native,failed,1,256,16384,1024,native,42,closeup,1,2,error,,,,0.0007770061492919922,,,,16.330106735229492,16.357421875,,,,KeyError: 'video_fps'
timelens2-8b__native,timelens2-8b,native,failed,1,256,16384,1024,native,43,dunk,0,2,error,,,,0.0007613059133291245,,,,16.330106735229492,16.357421875,,,,KeyError: 'video_fps'
timelens2-8b__native,timelens2-8b,native,failed,1,256,16384,1024,native,44,dunk,1,2,error,,,,0.0009645642712712288,,,,16.330106735229492,16.357421875,,,,KeyError: 'video_fps'
timelens2-8b__native,timelens2-8b,native,failed,1,256,16384,1024,native,45,football,0,2,error,,,,0.0008411598391830921,,,,16.330106735229492,16.357421875,,,,KeyError: 'video_fps'
timelens2-8b__native,timelens2-8b,native,failed,1,256,16384,1024,native,46,football,1,2,error,,,,0.0007716058753430843,,,,16.330106735229492,16.357421875,,,,KeyError: 'video_fps'
timelens2-8b__native,timelens2-8b,native,failed,1,256,16384,1024,native,47,swimming,0,2,error,,,,0.0008045146241784096,,,,16.330106735229492,16.357421875,,,,KeyError: 'video_fps'
timelens2-8b__native,timelens2-8b,native,failed,1,256,16384,1024,native,48,swimming,1,2,error,,,,0.0008596577681601048,,,,16.330106735229492,16.357421875,,,,KeyError: 'video_fps'
